Law,101,David,Cadaret,Intro to American Law,4.32,4.31,4.16,3.98,4.16,4.35,4.34
Law,102,David,Schuman,Intro to Criminal Law,3.95,3.79,3.91,3.87,4.09,3.98,4.05
Law,102,Margaret,Paris,Intro to Criminal Law,4.75,4.8,4.72,4.72,4.72,4.67,4.64
Law,103,Robert,Rocklin,Intro Crim Investigat,4.54,4.61,4.61,4.56,4.5,4.45,4.53
Law,103,David,Schuman,Intro Crim Investigat,3.76,3.6,3.76,3.7,4.04,3.6,3.78
Law,104,David,Cadaret,Intro to Business Law,4.33,4.32,4.16,4.01,4.1,4.25,4.38
Law,199,Noah,Glusman,Sp St Social Actv Wksp,4.06,4.06,3.56,3.88,4.69,4.0,4.0
Law,199,Noah,Glusman,Sp St Social Activism,4.35,4.59,4.24,4.18,4.94,4.47,4.29
Law,199,Noah,Glusman,Social Activism Wkshp,4.43,4.62,4.33,4.38,4.71,4.29,4.38
Law,199,Megan,Austin,Sp St Legal Resch UG,4.3,4.4,4.4,4.1,4.4,4.3,4.3
Law,199,David,Cadaret,Sp St Intr Business Lw,4.22,4.24,3.8,3.72,4.0,4.17,4.37
Law,199,Joel,Black,Sp St Sex and Law,4.14,4.46,4.29,4.29,4.43,4.14,4.43
Law,199,Stuart,Chinn,Sp St Const Controvers,4.67,4.67,4.44,4.56,4.56,4.11,4.67
Law,199,Susan,Gary,Sp St Law of Families,4.46,4.54,4.54,4.46,4.54,4.46,4.36
Law,199,Michelle,McKinley,Sp St Citizenship,3.6,4.0,3.6,3.8,3.6,3.6,3.6
Law,199,Michelle,McKinley,Sp St Human Rights Law,4.79,4.79,4.71,4.71,4.71,4.36,4.71
Law,199,Joel,Black,Sp St Courts & Captlsm,5.0,5.0,5.0,5.0,5.0,5.0,5.0
Law,199,Will,Johnson,Sp St Peace Bldg Jstc,4.53,4.6,4.33,4.43,4.47,4.47,4.6
Law,199,Robert-Paul,Reynolds,Sp St Law and Film,4.6,4.67,4.67,4.5,4.67,4.83,4.67
Law,199,David,Schuman,Sp St Intro Crim Invst,3.93,3.75,3.8,3.98,4.03,3.94,3.99
Law,199,Joel,Black,Sp St Amer Leg Hist I,4.0,3.71,3.71,3.71,4.57,3.57,3.43
Law,199,David,Cadaret,Sp St Intro Amer Law,4.41,4.47,3.82,3.82,4.0,4.24,4.59
Law,199,Caroline,Forell,Sp St Animals and Law,4.83,4.67,4.5,4.83,4.83,4.67,5.0
Law,199,Ibrahim,Gassama,Sp St Public Intl Law,4.29,4.38,3.67,4.2,4.33,4.03,4.33
Law,199,Margaret,Paris,Sp St Intro Crim Law,4.71,4.8,4.6,4.77,4.6,4.62,4.74
Law,199,Margaret,Paris,Sp St Intro to Crim La,4.87,4.96,4.87,4.91,4.78,4.65,4.91
Law,199,Robert-Paul,Reynolds,Sp St Intro Amer Law,4.0,4.25,3.5,4.12,4.12,4.12,4.38
Law,199,Mary,Wood,Sp St Env Law Policy,5.0,4.67,5.0,5.0,4.67,4.33,5.0
Law,199,Kay,Crider,Sp St Env Law Policy,4.16,4.26,4.35,4.3,4.3,4.3,4.15
Law,199,Joe,Metcalfe,Sp St Intro Amer Law,4.49,4.66,4.32,4.41,4.04,4.18,4.41
Law,199,Cheyney,Ryan,Sp St Philosophy of La,4.66,4.64,4.36,4.53,4.05,4.18,4.63
Law,199,Kristie,Gibson,Sp St Public Intl Law,4.38,4.57,4.43,4.5,4.57,4.5,4.43
Law,199,Thomas,Lininger,Sp St Intr Crim Invest,4.77,4.83,4.62,4.7,4.54,4.51,4.8
Law,201,John,Mellgren,Intro Env Law & Policy,3.96,3.89,4.15,4.04,4.26,4.26,3.96
Law,201,Mary,Wood,Intro Env Law & Policy,4.72,4.74,4.7,4.74,4.58,4.47,4.68
Law,202,Ibrahim,Gassama,Intro Public Intl Law,4.5,4.51,3.97,4.27,4.35,4.28,4.54
Law,203,Honorable Judge,Rasmussen,Controvers Const Law,4.5,4.29,4.46,4.33,4.17,4.33,4.54
Law,204,Michelle,McKinley,Immigration/Citizenshp,4.83,4.78,4.36,4.61,4.64,4.45,4.75
Law,250,Megan,Austin,Intro Legal Research,5.0,4.86,4.71,4.86,4.57,4.86,5.0
Law,301,Michael,Musheno,Youth & Social Change,4.64,4.76,4.6,4.49,4.67,4.53,4.66
Law,304,Susan,Gary,Amer Law & Families,4.25,4.4,4.16,4.27,4.37,4.07,4.42
Law,310,Kay,Crider,Environmental Regulatn,4.75,4.83,4.75,4.5,4.75,4.67,4.58
Law,399,Will,Johnson,Sp St Transitionl Just,4.34,4.45,4.26,4.39,4.24,4.05,4.32
Law,399,R. Glenn,Mittermann,Sp St Transitionl Just,3.95,3.8,3.5,3.6,3.95,3.7,3.8
Law,399,Kay,Crider,Sp St Environ Regulatn,4.67,4.89,4.88,4.67,4.78,4.78,4.75
Law,399,Carl,Bjerre,Contracts in Society,3.38,3.5,3.38,3.12,3.88,3.5,3.25
Law,399,Joel,Black,Sp St Black Exper & Lw,4.6,4.8,4.6,4.6,4.8,4.8,4.6
Law,399,Will,Johnson,Sp St Food Law,4.6,4.4,4.6,4.6,4.6,4.4,4.4
Law,399,Kay,Crider,Sp St Envir Regulation,4.86,4.43,4.71,4.43,4.71,4.71,4.71
Law,399,Will,Johnson,Sp St Transitionl Jstc,4.67,4.78,4.78,4.78,4.72,4.56,4.72
Law,410,Elizabeth,Tippett,Legal Secrets,4.75,4.88,4.62,4.88,4.62,4.25,4.88
Law,410,Robert-Paul,Reynolds,Law and Film,4.33,4.39,4.39,4.39,4.33,4.11,4.06
Law,410,Cheyney,Ryan,Philosopy of Law,4.94,5.0,4.56,4.75,4.69,4.62,5.0
Law,415,Michelle,McKinley,Hum Rights, Law, Cul,4.91,5.0,4.6,4.87,4.76,4.53,4.92
Law,607,Ibrahim,Gassama,Sem Adv Human Rights,4.75,4.74,4.32,4.48,4.33,4.37,4.76
Law,607,Brandon,Moore,Sem Intensive Writing,2.4,3.0,2.8,2.4,3.0,2.4,2.6
Law,607,Tim,Nord,Sem Antitrust,4.5,4.2,4.4,4.2,4.15,4.1,4.2
Law,607,Dominick,Vetri,Sem Art Law,4.22,4.08,3.97,3.85,4.5,3.59,4.27
Law,607,Roberta,Mann,Sem Tax Policy,4.36,4.65,4.4,4.43,4.69,4.23,4.51
Law,607,Merle,Weiner,Sem Domestic Violence,4.34,4.39,4.45,4.33,4.52,4.13,4.45
Law,607,Rebekah,Hanley,Sem Intensive Writing,4.83,4.92,4.67,4.67,4.92,4.5,4.58
Law,607,Megan,Thompson,Sem Women and the Law,4.75,4.75,4.62,4.88,4.75,4.62,4.88
Law,607,Chris,Hermann,Sem on the Law of Wine,3.94,3.96,4.09,3.93,3.92,4.27,4.05
Law,607,Jason,Salmi Klotz,Sem Energy and Law,4.71,4.5,4.24,4.53,4.28,4.44,4.69
Law,607,Nancy,Shurtz,Sem Tax Policy,4.6,4.57,4.44,4.41,4.83,4.64,4.53
Law,607,Kristie,Gibson,Sem LLM,4.46,4.67,4.69,4.71,4.77,4.71,3.98
Law,607,Megan,McAlpin,Sem Intensive Writing,4.5,4.77,4.77,4.53,4.38,4.22,4.45
Law,607,Jonathan,Rosenbloom,Sem Climate Law & Plcy,4.17,4.33,4.5,4.0,4.5,3.83,4.0
Law,607,Nancy,Shurtz,Sem Women and the Law,3.86,3.43,3.12,3.62,4.25,3.88,4.25
Law,607,John,Bonine,Sem LLM,4.25,4.48,3.73,3.89,4.76,3.85,4.09
Law,607,Caroline,Forell,Sem Women and the Law,5.0,5.0,4.67,4.33,4.33,4.33,4.67
Law,607,Leslie,Harris,Sem Elder Law,4.53,4.53,4.47,4.33,4.47,3.57,4.37
Law,607,Tim,Nord,Antitrust Seminar,4.15,4.21,3.77,3.9,3.64,3.65,4.18
Law,607,Thomas,Coffin,Sem Fed Jud Settlement,4.23,4.22,3.88,3.9,3.74,3.89,4.1
Law,607,Jennifer,Gleason,Sem Energy and Law,4.29,4.4,4.13,4.32,4.55,4.32,4.23
Law,607,Richard,Hildreth,Sem Climate Law & Plcy,4.0,4.11,4.22,3.81,4.18,4.04,4.04
Law,607,Joan,Rocklin,Sem Intensive Writing,4.54,4.82,4.46,4.46,4.82,4.54,4.46
Law,607,Mary,Wood,Sem Public Trust,4.46,4.6,4.21,4.34,4.3,4.23,4.39
Law,607,Thomas,Renn,Sem Bankruptcy,4.46,4.46,3.91,4.18,4.64,4.09,4.36
Law,607,Elizabeth,Frost,Sem Intensive Writing,4.54,4.61,4.54,4.18,4.54,4.07,4.46
Law,607,Carl,Bjerre,Sem Commercial Law Sur,3.88,3.94,3.65,3.47,4.0,3.69,3.94
Law,607,Robert,Illig,Sem Sports Law,4.11,4.5,4.33,4.33,4.11,4.22,4.17
Law,607,Dominick,Vetri,Sem Cultural Property,3.56,3.95,3.75,3.57,4.08,3.33,3.85
Law,607,Michelle,Slack,Sem Fed Jurisdiction,3.0,3.5,3.5,3.33,4.83,3.83,3.0
Law,607,Anne,Mullins,Sem Judicial Writing,4.17,4.33,3.83,3.83,4.67,4.0,4.17
Law,607,Melinda,Grier,Sem In House Counsel,4.0,4.0,3.0,4.0,4.5,2.5,4.0
Law,607,Mary,Wood,Sem LLM,3.25,3.5,3.0,3.0,3.5,3.25,3.25
Law,607,Mary,Wood,Sem Amer Indian Policy,4.68,4.71,4.43,4.31,3.95,4.27,4.72
Law,607,Rebekah,Hanley,Sem Judicial Writing,4.4,4.5,4.4,4.44,4.75,4.15,4.33
Law,607,Steven,Macias,Sem Amer Legal History,3.8,3.5,3.8,3.4,4.2,3.2,3.8
Law,607,Steven,Bender,Sem Commercial Law Sur,4.11,4.11,4.24,4.4,4.32,4.27,4.21
Law,607,Steven,Bender,Sem Real Est Pln Tr Pr,3.75,4.0,4.0,3.75,4.0,3.5,3.75
Law,607,Michael,Moffitt,Sem Mediation,4.2,4.3,3.9,3.9,4.1,3.5,3.8
Law,607,Michael,Mosman,Sem Adv Evidence,4.6,4.6,4.4,4.4,4.4,4.4,4.6
Law,607,Ellen,Theodorson,Sem Adv Contracts,2.8,2.5,3.0,2.3,3.5,2.0,2.6
Law,607,Jason,Eisdorfer,Sem Climate Law & Plcy,4.33,4.67,4.0,4.0,4.33,4.0,4.33
Law,607,Chris,Hermann,Sem of the Law of Wine,4.17,4.17,4.5,4.17,4.0,4.0,4.5
Law,607,Rennard,Strickland,Sem Law & Amer Culture,4.44,4.0,4.22,4.22,4.22,4.33,4.0
Law,607,Rennard,Strickland,Sem Amer Indian Policy,4.5,4.5,3.5,3.5,4.0,3.0,5.0
Law,607,Dominick,Vetri,Sem Persp Tort Law,4.38,4.79,3.79,4.31,4.38,3.48,4.64
Law,607,Dwight,Golann,Sem Mediation,4.29,4.29,3.86,4.14,4.0,2.86,4.14
Law,607,William,Holmes,Sem Renewable Energy,3.95,3.82,3.48,3.95,3.63,3.45,4.22
Law,607,Jamie,Moffitt,Sem Negotiation,4.66,4.68,4.68,4.59,4.55,3.79,4.51
Law,607,Heather,Brinton,Sem Climate Law & Plcy,3.67,3.44,4.11,3.78,4.38,4.22,3.89
Law,607,Gabriel,Eckstein,Seminar Law & Science,3.8,3.8,3.8,3.8,4.2,4.0,3.4
Law,607,Michael,Axline,Sem Comp Lit Adv Tox T,4.56,4.44,4.0,4.44,3.22,4.0,4.44
Law,607,Steven,Bender,Sem Comm'l Law Survey,4.01,4.12,4.2,3.92,4.39,4.26,3.81
Law,607,Thomas,Coffin,Sem Fed'l Jud Settleme,4.33,4.33,3.73,3.73,3.53,3.53,4.0
Law,607,Howard,Cummins,Sem Fed Energy Policy,2.8,2.6,2.8,2.6,3.2,3.2,2.4
Law,607,Garrett,Epps,Sem Constitutional Law,3.6,3.2,2.6,3.2,3.6,2.6,3.8
Law,607,Caroline,Forell,Sem Animal Law,4.38,4.38,3.5,4.0,4.62,3.75,4.25
Law,607,Caroline,Forell,Sem Women & the Law,4.8,4.8,4.6,4.4,4.8,4.8,5.0
Law,607,Ibrahim,Gassama,Sem Human Rights,4.33,4.53,3.83,4.28,3.94,4.0,4.33
Law,607,Rebekah,Hanley,Sem Animal Law,4.29,4.29,3.57,3.86,4.57,3.86,4.14
Law,607,Richard,Hildreth,Sem Ocean Law,4.0,4.0,4.33,3.78,4.44,4.0,4.0
Law,607,Sean,Hoar,Sem Cybercrime,4.0,3.8,4.0,3.2,3.2,4.0,4.0
Law,607,William,Holmes,Renewable Energy,3.25,4.0,2.5,3.5,2.5,1.5,3.5
Law,607,Robert,Illig,Sem Pri Eqty Ven Capit,4.58,4.92,4.33,4.5,4.25,4.0,4.58
Law,607,Andrew,Lopata,Sem Trademark Law,4.0,3.75,4.5,4.0,4.12,3.88,4.25
Law,607,Edward,Mc Aniff,Sem Banking Law,4.0,4.0,4.11,3.89,3.78,4.0,3.67
Law,607,John,McCormack,Sem Lic Intel Prop Inf,3.3,3.5,3.0,2.3,3.4,2.7,3.1
Law,607,Michelle,McKinley,Sem Refugee Asy Law,5.0,5.0,5.0,5.0,5.0,3.5,5.0
Law,607,Michelle,McKinley,Sem Law Culture & Soci,3.67,3.33,3.0,3.33,4.0,3.0,3.67
Law,607,R,Mooney,Sem Advanced Contracts,4.71,4.71,4.43,4.29,4.43,4.33,4.71
Law,607,Paul,Rozelle,Sem Intl Arbitration,4.33,4.33,4.33,4.0,5.0,4.67,4.33
Law,607,Susan,Rozelle,Sem Criminal Responsib,4.5,4.5,4.5,4.5,4.5,4.0,4.5
Law,607,Heidi,von Ravensberg,Sem Disability Law,4.0,4.0,4.0,3.62,4.25,4.38,4.25
Law,607,Charles,Williams,Intellectual Pr Mgmt S,4.5,4.5,4.5,4.25,4.75,4.5,4.5
Law,607,Mary,Wood,Sem Natural Resources,4.29,4.43,4.14,4.0,4.43,4.29,3.86
Law,607,Maryann,Yelnosky-Smith,Sem Litig Prac & Proce,4.8,4.4,4.8,4.2,4.4,4.0,4.6
Law,610,Yvette,Alex-Assensoh,Race Gender Bias & Law,3.46,3.46,3.27,3.27,4.18,3.54,3.91
Law,610,Adell,Amos,Writing Coll-Water Law,4.75,4.75,5.0,5.0,4.5,4.5,4.5
Law,610,Julie,Armbrust,J-Basic Mediation Trng,4.46,4.62,4.66,4.66,4.39,4.64,4.56
Law,610,Carl,Bjerre,Fundamentals of Loans,4.53,4.66,4.25,4.35,4.62,4.21,4.37
Law,610,Carl,Bjerre,Adv Uniform Comm Code,5.0,4.88,4.25,4.38,4.88,4.12,4.62
Law,610,David,Cadaret,LLM Adv Pers Legal Wri,4.01,4.24,3.96,4.05,4.35,4.01,4.08
Law,610,Michael,Fakhri,Law and Development,4.57,4.78,4.55,4.41,4.66,4.4,4.57
Law,610,Michael,Fakhri,Sales,3.82,3.96,3.83,3.84,3.97,3.61,3.81
Law,610,Ibrahim,Gassama,European Union Law,4.47,4.62,3.89,4.26,4.48,4.24,4.41
Law,610,Robert,Illig,J-Intl Sports Law II,4.46,3.66,3.39,4.2,4.12,3.88,4.2
Law,610,Rebecca,Ivanoff,Professional Planning,2.63,3.18,2.72,2.63,3.69,3.0,2.38
Law,610,Carrie,Leonetti,Mental Hlth Crim Law,4.75,4.75,4.5,4.75,4.83,4.42,4.83
Law,610,Carrie,Leonetti,Crim Justice Extrn Crs,3.81,4.12,3.88,3.88,4.19,3.88,3.56
Law,610,Mohsen,Manesh,Sales,4.79,4.92,4.77,4.79,4.94,4.77,4.85
Law,610,John,McCormack,IP Licensing,4.3,4.25,4.14,3.83,4.17,4.06,4.19
Law,610,Honorable Judge,Rasmussen,Insurance Law,4.7,4.7,4.44,4.58,4.63,4.38,4.82
Law,610,David,Schuman,Oregon Constitut Law,4.61,4.66,4.37,4.46,4.6,4.03,4.61
Law,610,Mary,Wood,Natural Resources Law,4.52,4.69,4.52,4.47,4.46,4.33,4.35
Law,610,Rishi,Batra,Negotiation,3.87,3.87,3.93,3.73,4.07,3.07,4.0
Law,610,Carl,Bjerre,Secured Transactions,4.39,4.51,4.04,4.14,4.46,4.11,4.35
Law,610,David,Cadaret,Intro to American Law,4.37,4.47,4.02,4.16,4.19,4.09,4.02
Law,610,Gregory,Dotson,Environmental Law,4.33,4.33,4.33,4.33,4.33,4.33,4.33
Law,610,Gregory,Dotson,Envir Policy Practicum,4.8,4.6,4.0,4.2,4.4,4.0,5.0
Law,610,Elizabeth,Frost,Writing Collqm-General,4.0,4.25,3.75,4.0,4.75,4.0,4.0
Law,610,Ibrahim,Gassama,Human Rights Law,4.02,4.09,3.45,3.68,4.03,3.5,4.04
Law,610,Richard,Hildreth,Ocean and Coastal Law,4.01,4.05,4.11,4.08,4.54,4.15,4.33
Law,610,Robert,Illig,Internat Sports Law I,4.25,4.29,4.09,4.15,4.2,4.3,4.25
Law,610,Barry,Nobel,Mediation,2.83,3.1,2.88,2.79,3.52,2.33,3.08
Law,610,Eric,Priest,Trademark Law,4.25,4.28,4.11,3.9,4.34,4.14,4.37
Law,610,Michael,Tedesco,Arbitration,4.67,4.7,4.43,4.46,4.45,4.37,4.69
Law,610,Benjamin,Wang,Immigration Law,4.28,4.34,4.34,4.31,4.44,3.56,4.38
Law,610,Adell,Amos,Writing Colloquium,4.68,4.58,4.38,4.68,4.4,4.3,4.53
Law,610,Howard,Arnett,Cmp Indigenous Peoples,4.39,4.67,3.94,4.33,4.28,4.22,4.61
Law,610,Melissa,Aubin,J-Innov Crim Justice,4.2,4.4,4.4,4.6,4.8,4.4,4.4
Law,610,Rohanna,Buchanan,J-Child Dvlpmt & Law,4.4,5.0,4.6,4.4,5.0,4.8,4.4
Law,610,Gregory,Dotson,Climate Law & Policy,3.86,4.0,3.71,4.0,4.71,4.14,3.71
Law,610,Jennifer,Espinola,J-Leadrshp for Lawyers,4.5,4.75,4.25,4.62,4.62,4.62,4.25
Law,610,Michael,Fakhri,Food Farming Sustain,4.46,4.6,4.22,4.34,4.59,4.17,4.37
Law,610,Kristie,Gibson,Adv Legal Wri Bar Prep,4.44,4.33,4.52,4.33,4.44,4.22,4.37
Law,610,Erik,Girvan,Electronic Discovery,4.47,4.73,4.58,4.41,4.53,4.42,4.56
Law,610,Monique,Hawthorne,Contract Drafting,4.29,4.71,4.14,4.57,4.57,4.43,4.57
Law,610,Mary Ann,Hyatt,Adv Legal Research,3.98,4.14,4.02,4.07,4.66,3.85,4.08
Law,610,Robert,Illig,Amateur Sports Law,4.32,4.33,4.57,4.5,4.14,4.29,4.44
Law,610,Robert,Illig,Prof Sports Law,4.23,4.28,4.28,4.35,4.08,4.18,4.22
Law,610,Paul,Loving,Sports Licensing,4.69,4.71,4.51,4.71,4.32,4.53,4.73
Law,610,Mohsen,Manesh,Sales Survey,4.71,4.79,4.71,4.79,4.62,4.83,4.71
Law,610,Edward,Mc Aniff,J-Commercl Loan Agrmts,4.5,4.25,4.25,4.5,4.5,4.0,4.75
Law,610,Michael,Moffitt,J-Law of Settlement,4.56,4.67,4.33,4.44,4.22,4.11,4.33
Law,610,Margaret,Paris,Pol & Advoc US Sup Ct,4.87,4.69,4.78,4.7,4.75,4.54,4.81
Law,610,Jen,Reynolds,Conflict of Laws,4.6,4.8,4.8,4.8,4.7,4.8,4.7
Law,610,Joan,Rocklin,Adv Legal Wri Bar Prep,4.77,4.81,4.67,4.79,4.82,4.6,4.85
Law,610,Robert,Rocklin,Adv Legal Wri Bar Prep,4.46,4.37,4.43,4.34,4.47,4.35,4.4
Law,610,Maria,Saez Tatman,Professional Planning,2.97,3.55,3.08,3.01,3.93,3.26,2.89
Law,610,Roger,Saydack,Contract Drafting,4.88,4.62,4.62,4.5,4.75,4.25,4.88
Law,610,Cindy,Starke,Tribal Crts & Tribl Lw,4.65,4.8,4.25,4.45,4.8,4.4,4.8
Law,610,Elizabeth,Tippett,Negotiation,4.3,4.3,4.22,4.12,4.52,3.9,4.26
Law,610,Heather,Young,Interview & Counsel,4.18,4.31,4.39,4.28,4.33,4.32,4.12
Law,610,Kelly,Zusman,Adv Appellate Advocacy,4.6,4.6,4.2,5.0,4.8,4.4,4.2
Law,610,John,Bonine,Env Litg & Prac,4.33,4.5,3.67,3.83,4.5,3.67,4.17
Law,610,Scott,Bradford,White Collar Crime,3.89,4.0,3.78,4.0,3.89,3.89,4.11
Law,610,Chris,Culver,Accounting for Lawyers,4.19,4.45,4.24,4.25,4.14,4.42,4.19
Law,610,Susan,Gary,Non Profit Orgs,4.27,4.43,4.26,4.21,4.46,4.23,4.35
Law,610,Mohsen,Manesh,Bus Assoc Trans Lab,4.43,4.43,4.22,4.42,3.96,4.31,4.32
Law,610,Roberta,Mann,Tax Plan & Draft,4.0,4.6,4.0,4.2,4.6,4.0,4.0
Law,610,Jared,Margolis,Environmental Law,4.24,4.23,4.35,4.33,4.15,4.05,4.27
Law,610,Margaret,Paris,Mental Hlth Crim Law,4.48,4.81,4.19,4.48,4.86,4.24,4.24
Law,610,Jen,Reynolds,Negotiation,4.67,4.77,4.68,4.63,4.64,4.01,4.57
Law,610,Suzanne,Rowe,Tax Plan & Draft,3.8,4.2,3.6,3.8,4.4,4.0,3.6
Law,610,Suzanne,Rowe,Writing Colloquium,4.51,4.81,4.41,4.67,4.64,4.58,4.42
Law,610,Kamala,Shugar,State Admin Law,4.03,4.08,3.76,3.91,4.22,3.89,4.04
Law,610,Nancy,Shurtz,Tax Plan & Draft,4.54,4.5,4.07,4.15,4.7,4.27,4.5
Law,610,Melissa,Aubin,Innov Crim Justice,4.82,4.88,4.61,4.73,4.67,4.69,4.73
Law,610,Carl,Bjerre,Adv Commercial Law,5.0,4.93,4.44,4.83,4.59,4.41,4.93
Law,610,Rohanna,Buchanan,Child Dvlpmt and Law,4.78,4.61,4.67,4.78,4.22,4.5,4.33
Law,610,Stuart,Chinn,Legislation,4.52,4.65,4.48,4.51,4.57,4.29,4.45
Law,610,Lea Ann,Easton,Contemp Iss Indian Law,5.0,5.0,4.5,4.0,4.0,4.0,4.0
Law,610,Jennifer,Espinola,Leadership for Lawyers,4.7,4.7,4.7,4.6,4.8,4.6,4.4
Law,610,Nathaline,Frener,Basic Mediation Trng,5.0,5.0,5.0,4.67,5.0,5.0,5.0
Law,610,Paul,Frisch,Health Law,4.16,4.28,4.2,4.24,3.92,3.56,4.24
Law,610,Elizabeth,Frost,Adv Legal Wri Bar Prep,4.44,4.44,4.56,4.33,4.22,4.56,4.56
Law,610,Ibrahim,Gassama,Law and Development,3.8,4.4,3.8,3.8,3.6,3.6,4.0
Law,610,Rebekah,Hanley,Legal Research & Wr II,4.21,4.29,3.85,3.82,4.62,4.03,4.35
Law,610,Leslie,Harris,Criminal Law,4.01,3.97,3.75,3.9,4.41,3.63,3.93
Law,610,Robert,Illig,Internat Sports Law II,5.0,4.86,4.43,4.86,5.0,4.86,5.0
Law,610,Brett,Kenney,Contemp Iss Indian Law,5.0,5.0,4.5,5.0,3.5,4.0,4.5
Law,610,Britney,Lehmann-Colton,Contract Drafting,4.31,4.09,4.34,3.9,4.14,4.06,4.4
Law,610,Carrie,Leonetti,Forensic Sci Crim Law,4.36,4.4,4.45,4.41,4.53,3.99,4.45
Law,610,Edward,Mc Aniff,Commercial Loan Agrmts,4.92,4.92,4.83,4.83,4.9,4.83,4.83
Law,610,Megan,McAlpin,Legal Research & Wr II,4.31,4.25,4.44,4.26,4.22,4.02,4.43
Law,610,Michelle,McKinley,Immigration Law,3.77,3.61,3.3,3.61,4.2,3.61,3.76
Law,610,Michelle,McKinley,Law and Development,4.0,4.0,4.2,3.8,4.0,3.6,4.0
Law,610,Ben,Miller,Land Trust Conserv Law,4.5,4.25,5.0,4.25,5.0,3.75,5.0
Law,610,Michael,Moffitt,Law of Settlement,4.8,4.83,4.81,4.82,4.47,4.53,4.6
Law,610,Barry,Nobel,Basic Mediation Trng,5.0,5.0,5.0,4.67,5.0,4.67,5.0
Law,610,Margaret,Paris,Criminal Law,4.56,4.74,4.43,4.3,4.68,4.38,4.5
Law,610,Jonathan,Rosenbloom,Sustainability &  Law,4.0,4.12,4.12,4.0,4.75,3.5,4.0
Law,610,Suzanne,Rowe,Legal Research & Wr II,4.87,4.94,4.86,4.84,4.55,4.59,4.85
Law,610,Roger,Saydack,Sales,4.0,4.35,4.24,4.29,4.53,4.06,4.06
Law,610,Elizabeth,Tippett,Alt Disp Res Strat Lit,4.19,4.43,4.18,4.21,4.54,3.85,4.07
Law,610,Howard,Arnett,American Indian Law,4.5,4.66,4.59,4.63,4.37,4.26,4.67
Law,610,Carl,Bjerre,Contracts,4.13,4.2,3.68,3.65,4.11,3.65,4.12
Law,610,Christopher,Cardani,White Collar Crime,4.37,4.4,4.2,4.14,4.11,4.22,4.33
Law,610,Caroline,Forell,Animal Law,4.25,4.35,4.24,4.29,4.58,4.07,4.27
Law,610,Elizabeth,Frost,Real Estate Trans,4.29,4.26,4.21,4.24,4.47,4.29,4.34
Law,610,Elizabeth,Frost,Legal Research & Wr I,4.48,4.52,4.38,4.33,4.62,4.19,4.57
Law,610,Ibrahim,Gassama,Torts,3.87,3.75,3.52,3.18,4.06,3.81,4.14
Law,610,Erik,Girvan,Race Gender Bias & Law,4.41,4.55,4.45,4.2,4.59,4.15,4.42
Law,610,Rebekah,Hanley,Legal Research & Wr I,4.17,3.89,3.5,3.67,4.5,3.72,4.5
Law,610,Robert,Illig,Contracts,4.4,4.5,4.01,4.1,4.07,3.99,4.34
Law,610,Derek,Larwick,Writing in Law Pract,3.98,4.03,4.04,3.79,4.0,3.86,4.04
Law,610,Roberta,Mann,International Taxation,4.33,4.62,4.53,4.57,4.7,4.27,4.33
Law,610,Megan,McAlpin,Legal Research & Wr I,4.72,4.76,4.69,4.6,4.54,4.64,4.76
Law,610,Joan,Rocklin,Legal Research & Wr I,4.85,4.85,4.85,4.75,4.7,4.75,4.85
Law,610,Suzanne,Rowe,Legal Research & Wr I,4.86,5.0,4.95,5.0,4.91,4.81,4.91
Law,610,Merle,Weiner,Torts,4.1,4.18,3.97,3.93,4.16,3.91,4.2
Law,610,Howard,Arnett,Contemp Iss Indian Law,4.75,5.0,4.75,4.75,4.75,4.5,4.75
Law,610,Carl,Bjerre,Commercial Law Survey,4.19,4.26,4.11,3.9,4.27,4.01,4.23
Law,610,David,Cadaret,Legal Research & Wr II,3.9,3.78,3.61,3.15,4.45,3.92,4.25
Law,610,Dave,Frohnmayer,Leadership for Lawyers,4.8,4.88,4.84,4.87,4.85,4.79,4.77
Law,610,Elizabeth,Frost,Legal Research & Wr II,4.5,4.57,4.44,4.45,4.76,4.12,4.48
Law,610,Rebekah,Hanley,Professional Planning,2.99,3.31,3.01,3.04,3.69,3.12,2.82
Law,610,Maurice,Holland,English Legal History,4.33,4.5,4.17,3.92,4.42,3.83,4.67
Law,610,Andrew,Lopata,Trademark Law,3.53,3.24,3.85,3.52,3.92,3.91,3.7
Law,610,Mohsen,Manesh,Business Assoc I,4.25,4.69,4.62,4.25,3.94,4.5,4.44
Law,610,Honorable Judge,Rasmussen,Law Dev in Amer West,4.67,4.76,4.42,4.48,4.45,4.2,4.55
Law,610,Joan,Rocklin,Legal Research & Wr II,4.6,4.73,4.42,4.46,4.79,4.31,4.57
Law,610,Joan,Rocklin,Adv Legal Writing,4.76,4.81,4.61,4.47,4.79,4.79,4.85
Law,610,Katina,Saint Marie,Women in Prison,3.15,2.9,2.85,2.8,3.15,2.6,3.5
Law,610,Larry,Schucht,Workers Comp Law,4.25,4.0,4.38,4.25,4.25,4.25,4.12
Law,610,Craig,Starr,Law Practice Mgmt,2.97,2.87,3.73,2.97,4.0,3.33,3.07
Law,610,Merle,Weiner,Family Law Policy,4.22,4.6,4.6,4.5,4.6,3.8,4.4
Law,610,Carl,Bjerre,Sales Survey,4.28,4.44,4.11,4.01,4.26,4.08,4.26
Law,610,Caroline,Forell,Torts,3.98,3.92,3.73,3.89,4.3,3.91,4.06
Law,610,Diane,Lang,Non Profit Orgs,3.71,3.57,4.17,3.57,3.71,3.57,3.71
Law,610,Andrew,Lopata,IP Survey,3.96,3.87,4.28,4.09,3.96,3.99,4.15
Law,610,Mohsen,Manesh,Contracts,4.65,4.73,4.82,4.72,4.48,4.3,4.63
Law,610,Howard,Arnett,Tribal Crts & Tribl Lw,4.46,4.44,4.4,4.29,4.33,4.02,4.3
Law,610,Carl,Bjerre,Topics Securit Reg,4.4,4.2,4.0,4.4,4.4,3.6,4.4
Law,610,Noah,Chamberlain,Mediation,3.53,3.73,3.33,3.4,4.07,3.47,3.47
Law,610,Caroline,Forell,Women and the Law,4.88,4.88,4.65,4.88,4.88,4.65,4.88
Law,610,Elizabeth,Frost,Adv Legal Research,3.98,4.26,4.42,3.92,4.52,4.09,4.1
Law,610,Richard,Hildreth,Coastal Law,4.26,4.14,4.14,4.02,4.42,4.18,4.31
Law,610,Daniel,Katz,Tech Entrepreneur & Lw,4.22,4.44,4.0,4.11,3.5,3.78,4.44
Law,610,Mohsen,Manesh,Mergers & Acq Trans Lb,4.54,4.64,4.46,4.36,4.27,4.54,4.54
Law,610,Laura,Montgomery,Writing in Law Pract,4.38,4.25,4.25,3.88,4.25,3.88,4.25
Law,610,Ofer,Raban,Criminal Law,4.13,4.12,4.14,4.07,3.73,3.74,4.23
Law,610,Jolie,Russo,Writing in Law Pract,5.0,5.0,4.0,5.0,5.0,4.0,5.0
Law,610,Nancy,Shurtz,Marketplace Economics,4.5,4.5,4.25,3.95,4.45,4.35,4.5
Law,610,Megan,Thompson,Adv Appellate Advocacy,4.54,4.5,4.67,4.42,5.0,4.54,4.42
Law,610,Heidi,von Ravensberg,Disability Law,3.98,4.01,4.13,3.81,3.96,4.09,3.94
Law,610,Richard,Hildreth,Ocean Law,4.16,4.17,4.21,3.97,4.47,3.88,4.23
Law,610,Michelle,McKinley,Refugee and Asylum Law,4.16,4.11,3.9,3.89,4.36,3.84,4.14
Law,610,R,Mooney,Sales,4.89,4.9,4.87,4.83,4.75,4.72,4.89
Law,610,Eric,Priest,Current Topics in IP,4.5,4.62,4.0,4.5,4.0,4.12,4.25
Law,610,Adell,Amos,Land Trust Conserv Law,3.29,3.71,3.29,3.71,4.29,3.43,3.57
Law,610,Carl,Bjerre,Transact in Securities,4.46,4.75,4.09,4.36,4.37,4.03,4.36
Law,610,Sheila,Blackford,Law Practice Mgmt,4.32,4.26,4.37,4.24,4.61,4.54,4.48
Law,610,Dave,Frohnmayer,State Admin Law,4.4,4.6,3.98,4.5,4.4,3.77,4.5
Law,610,Sean,Hoar,Cybercrime,4.19,4.21,4.37,3.84,4.34,4.39,4.09
Law,610,Robert,Illig,Mergers & Acq Trans Lb,4.79,4.79,4.55,4.57,4.4,4.61,4.69
Law,610,Thomas,Lininger,Public Interest Law,4.41,4.66,4.39,4.46,4.53,4.43,4.36
Law,610,Jared,Margolis,Natural Resources Law,4.29,4.43,4.29,4.0,4.86,4.43,4.0
Law,610,Jared,Margolis,Adv Appellate Advocacy,3.83,3.83,3.83,3.33,4.5,3.4,4.17
Law,610,Edward,Mc Aniff,Crnt Top Financial Reg,4.5,4.42,4.25,3.67,3.92,4.17,4.67
Law,610,Michelle,McKinley,Intl Criminal Law,3.98,3.98,3.32,3.77,4.34,3.35,3.85
Law,610,Anne,Mullins,Legal Research & Wr II,4.79,4.95,4.69,4.62,4.72,4.41,4.84
Law,610,Anne,Mullins,Sem Judicial Writing,4.67,5.0,4.67,4.67,4.67,4.67,5.0
Law,610,Joan,Rocklin,Legal Drafting,4.5,4.75,4.42,4.42,4.58,4.08,4.33
Law,610,Nancy,Shurtz,Women and Law thr Film,4.43,4.43,4.43,4.43,4.53,4.53,4.53
Law,610,Megan,Thompson,Women and the Law,4.62,4.88,4.75,4.38,4.75,3.88,4.38
Law,610,Cody,Weston,Adv Legal Writing,5.0,5.0,5.0,5.0,4.67,5.0,5.0
Law,610,David,Wilson,Litg Practice & Proc,4.5,4.25,4.0,4.33,4.5,3.67,4.5
Law,610,Maryann,Yelnosky-Smith,Litg Practice & Proc,4.35,4.44,4.29,4.19,4.0,3.69,4.42
Law,610,Barbara,Aldave,Women in Prison,4.47,4.43,4.11,4.14,4.47,4.12,4.67
Law,610,R,Mooney,Contracts,4.81,4.85,4.7,4.85,4.46,4.44,4.72
Law,610,Julia,Olson,Intro to American Law,4.57,4.71,4.43,4.71,4.71,4.4,4.43
Law,610,Sarah,Peterson,LLM Adv Pers Legal Wri,4.43,4.57,4.71,4.43,4.43,4.43,4.67
Law,610,Jen,Reynolds,Mediation,4.38,4.67,4.51,4.37,4.55,4.07,4.41
Law,610,Arnold,Rosenberg,Consumer Law,4.0,3.6,3.4,3.4,5.0,3.4,4.2
Law,610,Elizabeth,Tippett,ADR Survey,3.79,4.14,3.79,3.57,4.36,3.71,3.71
Law,610,Robert,Illig,Business Assoc I,4.41,4.62,4.48,4.37,4.31,4.24,4.28
Law,610,Howard,Cummins,Fed Energy Pol & Congr,3.85,4.03,4.03,4.08,4.36,4.09,3.91
Law,610,Dave,Frohnmayer,Intro State Admin Law,4.81,4.88,4.52,4.77,4.71,4.69,4.3
Law,610,Elizabeth,Frost,Legal Drafting,4.22,4.44,4.34,4.22,4.4,4.15,4.2
Law,610,Oscar,Garcia,Spanish and the Law,3.71,3.94,3.83,3.98,4.06,4.29,3.98
Law,610,Rebekah,Hanley,Professional Devlopmnt,4.6,4.8,4.5,4.4,4.7,4.4,4.5
Law,610,William,Holmes,Renewable Energy,3.94,4.14,3.41,4.16,3.14,3.32,4.3
Law,610,Paul,Loving,Branding Sports Figure,4.78,4.72,4.38,4.78,4.28,4.69,4.72
Law,610,Jonathan,Mishkin,Tax Practice and Proc,4.38,4.12,4.12,4.38,4.25,4.25,4.5
Law,610,Adele,Morrison,Criminal Law,3.16,3.16,3.12,2.55,3.71,3.41,3.27
Law,610,Adele,Morrison,Law and Sexuality,5.0,5.0,4.75,4.5,5.0,4.5,5.0
Law,610,James,Olmsted,Land Trust Conserv Law,4.1,4.2,3.6,3.6,4.9,4.2,4.4
Law,610,Kevin,Tu,Private Eqty Ven Capit,4.0,4.5,4.5,4.0,4.5,4.25,4.5
Law,610,Merle,Weiner,Family Law World Comm,4.3,4.63,4.59,4.46,4.63,4.36,4.35
Law,610,Ellen,Deason,Comparative Disp Res,3.83,4.0,4.08,4.0,4.42,3.92,3.83
Law,610,Ellen,Deason,Intl Busn Arbitration,4.62,4.62,4.5,4.5,4.75,4.25,4.62
Law,610,Paul,Frisch,Bioethics, Law and Cul,3.22,2.78,3.78,2.89,3.33,2.56,3.33
Law,610,Judith,Giers,Litg Practice & Proc,4.25,4.06,4.19,3.89,4.08,3.35,4.11
Law,610,Joseph,Grant,Trust and Estates II,3.5,3.5,3.5,3.5,4.0,3.5,3.5
Law,610,Megan,McAlpin,Adv Legal Research,4.22,4.22,4.56,4.44,4.25,4.11,4.22
Law,610,Robert-Paul,Reynolds,Law and Literature,4.58,4.59,4.53,4.53,4.38,4.48,4.53
Law,610,Suzanne,Rowe,Adv Legal Research,4.51,4.72,4.61,4.39,4.49,4.22,4.48
Law,610,Michelle,Slack,Complex Litigation,4.5,3.5,4.5,4.5,4.5,4.0,4.5
Law,610,Kevin,Tu,Financial Institutions,5.0,5.0,5.0,4.6,4.6,4.8,5.0
Law,610,Nancy,Shurtz,Sust Tax & Bus Pract,4.15,4.3,3.85,4.15,4.45,4.2,4.25
Law,610,Nikki,Dobay,State and Local Tax,4.0,4.0,4.0,4.0,3.0,3.0,4.0
Law,610,Carrie,Leonetti,Criminal Law,2.7,2.56,2.48,2.78,3.04,2.11,2.96
Law,610,Lance,Long,Legal Research & Wr II,4.32,4.32,4.24,3.67,4.9,4.14,4.32
Law,610,Steven,Macias,Privacy Law,4.8,5.0,4.8,5.0,4.8,4.2,4.8
Law,610,Megan,McAlpin,Legal Drafting,4.15,4.34,4.3,4.32,4.27,3.95,4.21
Law,610,Michael,Moffitt,Mediation,4.69,4.85,4.54,4.54,4.46,4.46,4.54
Law,610,Robert,Rocklin,Law and Social Science,3.86,4.0,4.14,3.57,4.14,3.86,3.86
Law,610,Marianne,Dugan,Natural Resources Law,3.57,3.57,3.5,3.36,4.38,3.64,3.5
Law,610,Jason,Eisdorfer,Reg Energy Utilities,4.0,3.67,4.11,3.78,3.67,3.33,3.67
Law,610,Roberta,El Kouri,Creative Writ Tech,4.57,4.43,4.14,4.29,4.43,3.71,4.29
Law,610,Judith,Giers,LLM Adv Pers Legal Wri,4.6,4.8,4.6,4.5,4.5,4.2,4.5
Law,610,Melinda,Grier,Higher Education Law,4.5,4.5,4.75,4.25,4.5,4.5,4.5
Law,610,Lance,Long,Pretrial Motion Prac,4.75,4.5,4.25,4.5,4.75,4.25,4.5
Law,610,Steven,Macias,Law and Sexuality,4.4,4.3,4.3,4.3,4.2,4.4,4.5
Law,610,Karen,Reed,Renewable Energy,3.75,3.5,4.0,3.75,3.5,3.25,3.5
Law,610,Justin,Beck,Patent Litigation,2.67,2.33,3.33,3.33,2.0,2.33,2.67
Law,610,John,Bonine,Environment & Pollut,4.2,4.3,3.7,3.8,4.1,4.1,4.3
Law,610,Robert,Illig,Private Eqty Ven Capit,4.21,4.46,4.08,4.33,4.25,4.12,4.29
Law,610,Svitlana,Kravchenko,Climate Chg Intl Law,4.56,4.56,4.33,4.44,4.67,4.56,4.75
Law,610,Caroline,MacLaren,Green Bldg & Construct,3.05,3.08,2.79,3.0,3.52,2.67,3.26
Law,610,Edward,Mc Aniff,US Reg Financial Insti,4.27,4.12,4.0,4.07,4.34,4.34,4.0
Law,610,Edward,Mc Aniff,Corp Finance Drafting,4.33,4.67,4.33,4.33,4.33,4.0,5.0
Law,610,Michelle,McKinley,Law Culture & Society,4.62,4.88,4.25,4.5,4.62,4.12,4.62
Law,610,Jonathan,Mishkin,Tax Practice & Proc,3.29,3.14,3.43,3.29,3.43,3.0,3.14
Law,610,Jamie,Moffitt,Accounting for Lawyers,4.4,4.61,4.6,4.44,4.55,4.35,4.28
Law,610,Robert,Rocklin,Adv Appellate Advocacy,4.85,4.81,4.69,4.56,4.6,4.46,4.81
Law,610,Brantley,Shumaker,IP Licensing,4.33,4.0,4.33,4.0,4.0,4.0,4.33
Law,610,David,Van't Hof,Cap and Trade Law,4.5,4.0,4.5,4.5,4.0,4.5,4.5
Law,610,Charles,Williams,IP Transactions,4.33,4.0,4.33,4.33,5.0,4.33,4.0
Law,610,Marianne,Dugan,Intro to American Law,5.0,5.0,5.0,5.0,5.0,5.0,5.0
Law,610,Tenielle,Fordyce-Ruff,Adv Legal Research,4.58,4.39,4.5,4.25,4.23,4.5,4.58
Law,610,Jennifer,Martin,International Sales,4.0,4.4,4.4,4.2,4.6,4.2,4.0
Law,610,Jamie,Moffitt,Negotiation,4.47,4.47,4.2,4.27,4.33,4.27,4.27
Law,610,Karen,Reed,Renewable Energy Eugen,3.83,3.92,4.17,3.92,3.92,3.75,3.92
Law,610,Karen,Reed,Renewable Energy Portl,4.0,4.0,4.33,4.0,4.0,3.67,4.0
Law,610,Kate,Wilkinson,Interview & Counsel,4.38,4.36,4.5,4.34,4.38,4.59,4.36
Law,610,Tenielle,Fordyce-Ruff,Intensive Writing,5.0,5.0,5.0,5.0,5.0,4.5,5.0
Law,610,Steven,Bender,Real Est Plan Trans Pr,5.0,4.75,4.75,4.75,4.75,4.75,5.0
Law,610,John,Bonine,Environmental Law,4.2,4.6,3.4,4.4,4.4,3.4,4.6
Law,610,Dwight,Golann,Commercial Mediation,4.42,4.5,3.92,4.33,4.42,3.58,4.42
Law,610,Svitlana,Kravchenko,Global Env Challenges,4.75,4.5,4.5,4.25,4.75,4.5,3.75
Law,610,Michael,Moffitt,ADR Survey,4.27,4.65,4.42,4.35,4.42,3.69,3.96
Law,610,Vernon,Peterson,Tribal Crts & Tribl Lw,4.5,4.5,4.5,4.5,4.5,4.5,4.5
Law,610,Ofer,Raban,Legal Interpretation,4.5,4.67,4.5,4.67,4.0,4.0,4.33
Law,610,Brantley,Shumaker,Licensing Intel Propty,3.83,4.17,4.17,3.83,3.5,3.5,4.17
Law,610,Ryan,Vacca,Trademark Law,4.47,4.53,4.53,4.2,4.67,3.93,4.47
Law,610,Chad,Carr,Negotiation A,4.76,4.82,4.71,4.65,4.76,4.0,4.71
Law,610,Chad,Carr,Negotiation B,4.73,4.8,4.6,4.4,4.73,3.73,4.27
Law,610,Mark,Graber,Jud Review & Democracy,4.5,4.5,4.5,4.5,3.5,3.0,4.5
Law,610,R,Mooney,American Legal Biog,4.8,4.84,4.84,4.68,4.84,4.44,4.76
Law,610,Nancy,Shurtz,Women & the Law,4.54,4.54,4.08,4.23,4.62,4.23,4.31
Law,610,Ryan,Vacca,Intel Property Survey,3.86,4.0,4.14,3.93,4.79,4.0,3.86
Law,611,Carl,Bjerre,Contracts,4.03,4.05,3.41,3.41,4.25,3.59,3.98
Law,611,Robert,Illig,Contracts,4.34,4.46,4.14,4.05,4.38,4.05,4.34
Law,611,Jennifer,Martin,Contracts,3.94,4.03,4.06,3.47,3.91,3.71,4.0
Law,611,R,Mooney,Contracts,4.88,4.98,4.79,4.78,4.51,4.49,4.82
Law,611,Judd,Sneirson,Contracts,3.82,3.76,4.08,3.37,4.11,4.0,4.0
Law,612,Carl,Bjerre,Contracts,4.5,4.62,4.21,4.08,4.31,4.15,4.48
Law,612,Jennifer,Martin,Contracts,3.93,3.82,4.04,3.75,4.18,3.78,3.96
Law,612,R,Mooney,Contracts,4.8,4.87,4.87,4.8,4.61,4.63,4.77
Law,612,Judd,Sneirson,Contracts,3.8,3.75,4.01,3.45,4.32,4.03,3.85
Law,613,Ibrahim,Gassama,Torts,3.69,3.69,3.49,3.17,3.57,3.57,3.86
Law,613,Merle,Weiner,Torts,3.98,4.03,3.94,3.86,4.1,3.7,4.03
Law,613,Caroline,Forell,Torts,4.05,4.09,3.77,3.9,4.11,3.87,4.21
Law,614,Caroline,Forell,Torts,4.15,4.21,3.67,4.14,4.29,3.89,4.0
Law,614,Ibrahim,Gassama,Torts,3.87,3.88,3.69,3.41,3.4,3.78,3.83
Law,614,Merle,Weiner,Torts,4.04,4.1,3.96,3.96,4.01,3.79,4.0
Law,614,Dominick,Vetri,Torts,3.54,3.42,3.08,3.08,3.75,3.08,3.5
Law,615,Rishi,Batra,Civil Procedure,4.65,4.65,4.62,4.73,4.62,4.44,4.67
Law,615,Erik,Girvan,Civil Procedure,4.56,4.62,4.76,4.7,4.49,4.46,4.58
Law,615,Jen,Reynolds,Civil Procedure,4.67,4.84,4.74,4.71,4.55,4.47,4.57
Law,615,Andrea,Coles-Bjerre,Civil Procedure,3.95,4.02,4.07,3.85,4.19,3.89,4.06
Law,615,Michelle,Slack,Civil Procedure,3.7,3.27,3.51,3.75,3.97,3.86,3.65
Law,615,Megan,Thompson,Civil Procedure,4.46,4.48,4.71,4.62,4.52,4.32,4.52
Law,615,Michael,Moffitt,Civil Procedure,4.85,4.95,4.91,4.88,4.59,4.51,4.79
Law,615,Gabriel,Eckstein,Civil Procedure,2.81,2.68,3.22,3.03,4.17,3.11,2.95
Law,617,Eric,Priest,Property,4.4,4.43,4.22,3.86,4.41,4.24,4.43
Law,617,Mary,Wood,Property,4.12,4.23,4.28,3.93,4.1,4.13,4.14
Law,617,Roberta,Mann,Property,3.8,3.77,4.0,3.74,4.2,3.87,4.01
Law,617,Caroline,Forell,Property,2.5,2.5,2.45,2.8,4.16,2.95,2.3
Law,617,Richard,Hildreth,Property,2.11,2.02,2.33,2.16,3.15,2.44,2.15
Law,617,Rhonda,Reaves,Property,3.6,3.44,3.35,3.16,3.9,3.42,3.67
Law,617,Hari,Osofsky,Property,4.2,4.09,4.54,4.11,4.18,4.29,4.2
Law,618,Leslie,Harris,Criminal Law,3.51,3.38,3.47,3.42,4.24,3.26,3.47
Law,618,Thomas,Lininger,Criminal Law,4.45,4.59,4.14,3.64,4.59,4.68,4.48
Law,618,Margaret,Paris,Criminal Law,4.43,4.61,4.32,4.28,4.27,4.31,4.36
Law,618,Carrie,Leonetti,Criminal Law,2.93,2.74,2.33,2.46,3.42,3.28,2.84
Law,618,Joe,Metcalfe,Criminal Law,4.79,4.91,4.75,4.73,4.42,4.37,4.71
Law,619,Scott,Bradford,White-Collar Crime,4.14,4.0,4.43,4.14,3.71,4.0,3.86
Law,620,Robert,Illig,Business Associations,4.04,4.19,4.02,3.86,3.84,3.76,4.02
Law,620,Tricia,Juettemeyer,Business Associations,3.6,3.1,3.8,3.0,3.7,3.1,3.9
Law,620,Mohsen,Manesh,Business Associations,4.62,4.68,4.72,4.75,4.55,4.33,4.65
Law,620,Jennifer,Martin,Business Associations,4.11,4.33,4.11,4.11,4.25,3.67,3.89
Law,620,Judd,Sneirson,Business Associations,4.12,4.2,4.6,4.18,4.34,4.24,4.25
Law,621,Mohsen,Manesh,Advanced Business Law,4.41,4.67,4.65,4.53,4.49,4.15,4.42
Law,621,Robert,Illig,Advanced Business Law,4.48,4.65,4.32,4.42,4.52,4.18,4.46
Law,622,Elizabeth,Frost,Legal Research & Wr I,4.39,4.41,4.44,4.3,4.58,3.96,4.48
Law,622,Megan,McAlpin,Legal Research & Wr I,4.22,4.31,4.48,4.25,4.29,3.97,4.36
Law,622,Joan,Rocklin,Legal Research & Wr I,4.6,4.7,4.58,4.57,4.75,4.38,4.67
Law,622,Suzanne,Rowe,Legal Research & Wr I,4.82,4.89,4.84,4.83,4.68,4.56,4.82
Law,622,Rebekah,Hanley,Legal Research & Wr I,4.15,4.18,4.27,4.05,4.53,3.95,4.24
Law,622,David,Cadaret,Legal Research & Wr I,3.89,3.77,3.78,3.0,4.5,3.85,4.28
Law,622,Anne,Mullins,Legal Research & Wr I,4.66,4.78,4.47,4.49,4.5,4.2,4.69
Law,622,Deborah,McGregor,Legal Research & Wr I,3.13,2.7,3.0,2.49,4.26,2.82,2.96
Law,622,Lance,Long,Legal Research & Wr I,4.4,4.46,4.16,3.82,4.67,4.31,4.37
Law,622,Tenielle,Fordyce-Ruff,Legal Research & Wr I,4.01,4.03,4.33,3.95,4.61,4.06,4.25
Law,623,Elizabeth,Frost,Legal Research & Wr II,4.57,4.48,4.66,4.48,4.6,4.16,4.6
Law,623,Megan,McAlpin,Legal Research & Wr II,4.24,4.11,4.32,4.19,4.14,3.89,4.32
Law,623,Joan,Rocklin,Legal Research & Wr II,4.66,4.76,4.64,4.6,4.76,4.46,4.69
Law,623,Suzanne,Rowe,Legal Research & Wr II,4.85,4.89,4.85,4.87,4.57,4.52,4.8
Law,623,Rebekah,Hanley,Legal Research & Wr II,4.23,4.34,4.26,4.05,4.59,4.15,4.28
Law,623,Tenielle,Fordyce-Ruff,Legal Research & Wr II,3.85,3.69,4.12,3.69,4.29,3.36,3.82
Law,623,Holli,Houston,Legal Research & Wr II,3.5,3.69,3.5,3.5,4.31,3.5,3.69
Law,623,Lance,Long,Legal Research & Wr II,4.02,4.02,3.77,3.54,4.52,3.92,4.07
Law,624,Megan,Austin,Adv Legal Research,4.75,5.0,5.0,4.75,5.0,4.25,4.75
Law,625,Andrea,Coles-Bjerre,Business Bankruptcy,4.68,4.78,4.6,4.55,4.72,4.51,4.65
Law,626,Mohsen,Manesh,Mergers & Acquisitions,4.08,4.58,4.25,4.25,4.5,3.33,4.08
Law,626,Robert,Illig,Mergers & Acquisitions,4.38,4.53,4.22,4.38,3.97,4.17,4.35
Law,627,Chris,Culver,Accounting for Lawyers,4.73,4.82,4.73,4.64,4.64,4.73,4.73
Law,628,Susan,Gary,Nonprofit Organization,4.56,4.22,3.89,4.22,4.56,4.0,4.44
Law,631,Roberta,Mann,Real Estate Planning,3.99,4.1,4.02,4.18,4.64,4.05,4.16
Law,631,Steven,Bender,Real Estate Planning,4.34,4.51,4.2,4.24,4.79,4.41,4.2
Law,633,Richard,Winchester,Business Planning,4.0,3.67,4.33,4.33,5.0,3.33,4.33
Law,633,Mindy,Wittkop,Business Planning,4.0,4.2,4.4,3.8,4.4,3.4,4.0
Law,633,Nancy,Shurtz,Business Planning,4.6,4.52,4.12,4.33,4.77,4.38,4.54
Law,633,Roger,Saydack,Business Planning,4.81,4.86,4.94,4.79,4.65,4.41,4.81
Law,634,Monique,Hawthorne,Contract Drafting,3.57,3.43,3.14,3.14,3.71,3.29,3.43
Law,634,Roger,Saydack,Contract Drafting,4.93,4.8,4.93,4.93,4.73,4.73,4.93
Law,635,Frank,Alley,Real Estate Transactns,4.42,4.42,4.5,4.42,4.75,4.21,4.58
Law,635,Kevin,Tu,Secured Land Transact,4.07,4.43,4.5,4.36,4.36,4.21,4.36
Law,635,Steven,Bender,Secured Land Transact,4.08,4.0,4.14,4.11,4.25,4.04,3.99
Law,636,Carl,Bjerre,Commercial Law,4.08,4.15,3.86,3.69,4.07,3.74,4.1
Law,636,Arnold,Rosenberg,Commercial Law,3.68,3.73,3.54,3.36,4.73,4.18,4.18
Law,636,Kevin,Tu,Commercial Law,4.69,4.75,4.88,4.62,4.75,4.5,4.69
Law,636,Nicholas,Frost,Commercial Law,4.24,4.35,4.53,4.35,4.35,4.12,4.35
Law,636,Steven,Bender,Commercial Law,4.0,4.0,4.33,4.0,3.67,4.0,4.33
Law,637,Susan,Gary,Trusts & Estates I,4.07,4.06,4.13,3.97,4.36,4.12,4.1
Law,637,Caroline,Forell,Trusts & Estates I,4.12,4.15,3.89,4.19,4.32,4.06,4.17
Law,637,Joseph,Grant,Trusts & Estates I,3.85,3.92,4.0,3.88,4.27,4.0,3.88
Law,639,Rhonda,Reaves,Employment Discriminat,3.75,4.09,4.0,3.83,4.42,4.0,4.0
Law,639,Melinda,Grier,Employment Discriminat,4.22,4.31,4.42,4.17,4.25,4.17,4.25
Law,639,Credence,Sol,Employment Discriminat,4.22,4.08,4.5,4.3,4.27,3.82,4.36
Law,640,Leslie,Harris,Children & the Law,4.42,4.42,4.35,4.19,4.53,3.98,4.38
Law,640,Megan,Thompson,Children & the Law,4.67,4.67,4.72,4.83,4.61,4.47,4.67
Law,641,Jack,Landau,Legislation,4.7,4.7,4.7,4.3,4.5,4.5,4.7
Law,642,Michael,Fakhri,Intl Business Transact,4.47,4.68,4.45,4.45,4.59,4.33,4.43
Law,642,Ibrahim,Gassama,Intl Business Transact,4.28,4.47,4.14,4.33,4.42,4.48,4.38
Law,643,Stuart,Chinn,Constitutional Law I,4.53,4.63,4.65,4.6,4.47,4.23,4.45
Law,643,Ofer,Raban,Constitutional Law I,4.16,4.15,4.34,4.4,3.64,3.7,4.27
Law,643,John,Bonine,Constitutional Law I,3.05,3.0,2.91,2.63,3.49,2.78,3.28
Law,643,Robert-Paul,Reynolds,Constitutional Law I,4.59,4.67,4.41,4.52,4.41,4.36,4.62
Law,643,John,Greenman,Constitutional Law I,4.63,4.66,4.38,4.18,4.29,4.4,4.56
Law,643,James,O'Fallon,Constitutional Law I,4.12,4.05,4.14,3.98,3.46,3.61,4.09
Law,643,Garrett,Epps,Constitutional Law I,3.19,3.0,3.17,2.64,3.62,2.67,3.3
Law,643,Robert,Tsai,Constitutional Law I,4.17,4.07,3.9,3.9,3.89,3.59,3.97
Law,644,Ofer,Raban,Constitutional Law II,4.33,4.36,4.4,4.36,4.04,4.07,4.38
Law,644,Stuart,Chinn,Constitutional Law II,4.37,4.58,4.52,4.29,4.47,4.21,4.28
Law,644,Carrie,Leonetti,Constitutional Law II,3.54,3.58,3.67,3.29,4.38,3.29,3.46
Law,644,Dwight,Holton,Constitutional Law II,4.0,3.83,3.5,4.0,3.5,3.5,3.67
Law,644,Melissa,Aubin,Constitutional Law II,4.23,4.32,4.48,4.42,4.47,4.26,4.32
Law,644,John,Greenman,Constitutional Law II,4.1,4.21,3.98,3.86,4.26,4.07,4.01
Law,644,Judith,Giers,Constitutional Law II,4.25,4.31,4.25,4.19,4.19,3.94,4.19
Law,644,James,O'Fallon,Constitutional Law II,4.33,4.33,4.43,4.24,4.1,3.95,4.38
Law,644,Robert,Tsai,Constitutional Law II,4.42,4.44,4.42,4.5,4.38,4.29,4.33
Law,645,Honorable Judge,Rasmussen,Oregon Practice & Proc,4.45,4.46,4.22,4.16,4.16,3.89,4.53
Law,645,Margaret,Paris,Oregon Practice & Proc,3.75,3.62,3.62,3.5,3.88,3.5,3.62
Law,646,Megan,Thompson,Federal Jurisdiction,4.83,4.81,4.83,4.82,4.69,4.54,4.78
Law,646,Carrie,Leonetti,Federal Jurisdiction,3.83,4.23,3.87,3.97,4.7,4.17,3.9
Law,646,Jacqueline,Gardina,Federal Jurisdiction,5.0,5.0,5.0,4.86,4.71,4.57,4.86
Law,646,John,Greenman,Federal Jurisdiction,4.25,4.38,3.75,4.25,4.38,3.12,4.25
Law,646,Maurice,Holland,Federal Jurisdiction,4.0,4.0,3.5,4.0,3.5,2.5,4.0
Law,647,Jen,Reynolds,Conflict of Laws,4.61,4.92,4.74,4.81,4.76,4.59,4.66
Law,647,Grant,Christensen,Conflict of Laws,4.5,4.5,5.0,4.25,4.75,4.5,4.5
Law,647,Maurice,Holland,Conflict of Laws,4.13,4.0,4.33,4.0,4.25,4.07,4.5
Law,648,Andrea,Coles-Bjerre,Bankruptcy,4.3,4.36,4.31,4.1,4.36,3.97,4.29
Law,648,John,Werts,Bankruptcy,3.67,3.67,3.67,4.0,3.67,3.67,4.33
Law,649,Thomas,Lininger,Legal Profession,4.48,4.73,4.72,4.54,4.69,4.64,4.42
Law,649,Mark,Fucile,Legal Profession,4.42,4.08,4.22,4.83,4.33,4.42,4.33
Law,649,Rebekah,Hanley,Legal Profession,3.54,3.71,3.91,3.7,4.37,3.8,3.42
Law,649,Ryan,Vacca,Legal Profession,3.6,3.64,3.64,3.52,4.32,3.84,3.64
Law,652,Thomas,Lininger,Evidence,4.7,4.81,4.8,4.63,4.75,4.71,4.67
Law,652,Melissa,Aubin,Evidence,3.68,3.82,3.96,3.82,4.41,4.09,3.77
Law,652,Carrie,Leonetti,Evidence,3.92,3.73,3.97,3.72,4.0,3.53,3.85
Law,652,Michelle,Slack,Evidence,4.44,4.78,4.78,4.56,4.38,4.67,4.33
Law,655,Leslie,Harris,Family Law,4.23,4.21,4.22,4.22,4.37,3.92,4.27
Law,655,Merle,Weiner,Family Law,4.18,4.27,4.06,4.19,4.36,3.91,4.18
Law,656,Leslie,Harris,Elder Law,4.36,4.41,4.42,4.47,4.66,4.09,4.31
Law,656,Mark,Williams,Elder Law,3.0,3.33,3.0,3.0,3.33,2.33,3.33
Law,658,Joe,Leahy,Local Government Law,4.49,4.45,4.34,4.41,4.66,4.09,4.49
Law,658,Lauren,Sommers,Local Government Law,4.5,4.55,4.47,4.51,4.51,4.34,4.6
Law,658,Anne,Davies,Local Government Law,4.31,4.26,4.26,4.33,4.27,4.21,4.4
Law,658,David,Williams,Local Government Law,3.93,4.03,4.17,3.77,4.04,3.87,3.77
Law,659,Michael,Tedesco,Labor Law,4.61,4.71,4.43,4.44,4.45,4.32,4.61
Law,660,Elizabeth,Tippett,Employment Law,4.42,4.4,4.26,4.21,4.47,4.14,4.43
Law,660,Judd,Sneirson,Employment Law,4.2,4.29,4.6,4.31,4.51,4.15,4.29
Law,661,Erik,Girvan,Remedies,4.66,4.71,4.62,4.71,4.59,4.42,4.65
Law,661,Steven,Macias,Remedies,3.6,3.3,4.2,4.0,4.33,4.0,3.9
Law,661,Maurice,Holland,Remedies,3.54,3.55,3.71,3.09,3.71,3.72,3.63
Law,662,Ofer,Raban,Jurisprudence,4.66,4.7,4.5,4.6,4.39,4.09,4.57
Law,663,David,Wade,Antitrust Law,5.0,5.0,4.5,4.0,2.5,4.0,4.0
Law,664,Adell,Amos,Administrative Law,4.5,4.59,4.43,4.26,4.31,4.46,4.62
Law,664,Dustin,Buehler,Administrative Law,4.71,4.86,4.7,4.79,4.85,4.55,4.64
Law,664,John,Bonine,Administrative Law,4.01,3.94,3.72,3.45,4.06,3.57,4.01
Law,664,Jacqueline,Gardina,Administrative Law,4.69,4.88,4.56,4.69,4.44,4.44,4.69
Law,664,Keith,Aoki,Administrative Law,4.33,4.33,4.67,4.44,4.5,4.22,4.22
Law,665,William,Caffee,Securities Regulation,2.4,2.4,3.2,2.2,4.0,2.4,2.8
Law,665,Katherine,Moyer,Securities Regulation,4.57,4.71,4.64,4.5,4.49,4.47,4.54
Law,665,Jon,Summers,Securities Regulation,3.67,3.67,4.0,4.33,4.0,3.33,4.67
Law,665,Barbara,Aldave,Securities Regulation,4.53,4.51,4.59,4.25,4.3,4.22,4.49
Law,667,Eric,Priest,Copyrights,4.51,4.49,4.23,4.04,4.56,4.25,4.49
Law,667,Michael,Ratoza,Copyrights,4.11,4.11,4.33,3.67,3.67,3.56,4.44
Law,668,Micheal,Reeder,Land Use Law,4.13,4.19,3.83,3.71,3.98,3.94,4.16
Law,668,Anne,Davies,Land Use Law,3.8,3.6,4.0,3.8,3.9,3.5,3.8
Law,668,William,Kabeiseman,Land Use Law,3.9,3.89,4.09,4.09,4.24,3.46,3.92
Law,669,Adell,Amos,Water Resources Law,4.79,4.87,4.6,4.5,4.36,4.46,4.7
Law,669,Richard,Hildreth,Water Resources Law,3.8,3.8,3.6,3.2,4.0,4.2,3.6
Law,669,Karen,Moynahan,Water Resources Law,3.89,4.0,3.89,3.67,4.33,3.89,3.78
Law,669,Renee,Moulun,Water Resources Law,4.57,4.57,4.86,4.71,4.43,4.14,4.43
Law,670,Marianne,Dugan,Public Land Law,3.82,3.73,4.09,4.18,4.27,3.54,4.0
Law,671,Michelle,McKinley,International Law,3.82,3.75,3.7,3.79,4.14,3.57,3.88
Law,671,Ibrahim,Gassama,International Law,4.38,4.25,3.88,4.0,4.25,3.62,4.25
Law,673,Julianne,Davis,Patent Law & Policy,4.5,4.63,4.33,4.62,4.47,4.03,4.63
Law,673,John,McCormack,Patent Law & Policy,4.44,4.34,4.34,3.66,4.03,4.06,4.4
Law,673,Elizabeth,Milesnick,Patent Law & Policy,4.28,4.32,4.43,4.1,3.7,3.89,4.3
Law,676,Richard,Winchester,International Tax,5.0,5.0,5.0,5.0,5.0,5.0,4.75
Law,678,Howard,Arnett,Indian Law,4.79,4.88,4.61,4.68,4.58,4.31,4.83
Law,678,Grant,Christensen,Indian Law,4.59,4.65,4.53,4.35,4.65,4.47,4.65
Law,680,Richard,Winchester,Federal Income Tax I,4.5,4.5,4.79,4.42,4.75,4.5,4.75
Law,680,Roberta,Mann,Federal Income Tax I,4.17,4.22,4.23,4.22,4.28,4.03,4.12
Law,680,Nancy,Shurtz,Federal Income Tax I,4.14,4.01,3.88,3.84,4.34,4.28,4.21
Law,681,Richard,Winchester,Federal Income Tax II,4.81,4.88,4.88,4.94,4.88,4.94,4.94
Law,681,Roberta,Mann,Federal Income Tax II,4.28,4.29,4.25,4.37,4.55,4.13,4.4
Law,681,Nancy,Shurtz,Federal Income Tax II,4.09,3.9,4.05,3.95,4.0,3.81,4.2
Law,682,Janice,Hatton,Estate & Gift Taxes,4.48,4.44,4.57,4.57,4.45,4.38,4.46
Law,683,Susan,Gary,Estate Planning,4.49,4.55,4.33,4.42,4.8,4.4,4.51
Law,683,Nancy,Shurtz,Estate Planning,4.28,4.07,4.18,3.99,4.59,3.84,4.14
Law,684,Carrie,Leonetti,Criminal Investigation,4.21,4.28,4.19,4.15,4.42,3.92,4.26
Law,684,Ofer,Raban,Criminal Investigation,4.5,4.42,4.47,4.51,4.15,4.15,4.55
Law,684,Thomas,Lininger,Criminal Investigation,4.43,4.53,4.48,4.31,4.53,4.47,4.42
Law,684,Joe,Metcalfe,Criminal Investigation,4.59,4.72,4.58,4.49,4.0,4.31,4.52
Law,685,William,Warnisher,Criminal Adjudication,4.42,4.42,4.42,4.42,4.75,4.33,4.67
Law,685,Thomas,Lininger,Criminal Adjudication,4.68,4.86,4.68,4.5,4.86,4.57,4.61
Law,685,Margaret,Paris,Criminal Adjudication,4.15,4.37,4.14,3.89,4.54,3.76,4.04
Law,685,Carrie,Leonetti,Criminal Adjudication,3.81,3.8,3.77,3.82,4.04,3.11,4.03
Law,685,Susan,Rozelle,Criminal Adjudication,4.14,4.14,4.29,4.14,4.08,3.79,4.14
Law,686,Elizabeth,Burleson,Environ & Pollution,3.0,3.0,3.0,2.86,3.29,3.29,2.86
Law,686,John,Bonine,Environ & Pollution,5.0,5.0,4.5,5.0,5.0,4.0,5.0
Law,687,Jared,Margolis,Wildlife Law,4.6,4.6,4.6,4.4,4.6,4.4,4.2
Law,687,Julia,Olson,Wildlife Law,3.21,3.23,3.69,3.58,3.29,2.96,3.34
Law,687,Adell,Amos,Wildlife Law,4.75,5.0,4.88,5.0,4.38,4.5,4.5
Law,688,Jared,Margolis,Hazardous Waste Law,4.34,4.13,4.24,4.14,4.51,3.93,4.33
Law,688,Gregory,Costello,Hazardous Waste Law,4.35,4.35,4.15,4.27,4.0,3.48,4.39
Law,690,John,Bonine,Intl Environ Law,4.41,4.39,4.37,4.37,4.48,4.28,4.63
Law,690,Richard,Hildreth,Intl Environ Law,4.22,4.27,4.33,4.16,4.45,4.33,4.27
Law,690,Elizabeth,Burleson,Intl Environ Law,3.56,3.78,3.33,3.33,4.44,4.0,3.89
Law,690,Svitlana,Kravchenko,Intl Environ Law,4.6,4.6,4.8,4.8,4.8,4.2,4.6
Law,691,John,Bonine,Compar Environ Law,3.99,3.99,3.73,3.82,4.22,3.79,4.12
Law,692,Michael,Fakhri,Intl Trade & Invest,4.55,4.77,4.69,4.67,4.78,4.45,4.54
Law,692,Hari,Osofsky,Intl Trade & Invest,4.1,4.6,4.3,4.1,4.5,4.0,4.0
Law,693,John,Bonine,Human Rights & Environ,4.41,4.5,4.35,4.37,4.52,4.46,4.53
Law,693,Svitlana,Kravchenko,Human Rights & Environ,4.25,4.15,4.25,4.05,4.44,4.08,4.19
Law,696,Paul,Loving,Sports Licensing,4.53,4.53,4.4,4.47,4.27,4.4,4.4
Law,707,Nicole,Commissiong,Sem Moot Court Board,5.0,5.0,5.0,5.0,5.0,5.0,5.0
Law,707,Tom,Fagan,Sem Adv Crim Defen Cln,5.0,5.0,4.75,5.0,5.0,5.0,5.0
Law,707,Michael,Fakhri,Sem Or Rev Intl Jour,3.99,4.02,3.94,3.89,4.18,3.83,3.96
Law,707,Nate,Lichvarcik,Sem Trial Practice,4.46,4.43,4.34,4.29,4.25,4.18,4.51
Law,707,Amy,Potter,Sem Trial Practice,4.47,4.31,4.29,4.3,4.37,4.15,4.49
Law,707,Joan,Rocklin,Sem Law Review,4.08,4.08,3.96,4.08,3.96,4.08,4.08
Law,707,Mary,Wood,Sem Jour Env Law Lit,3.67,3.48,3.67,3.59,3.46,3.67,3.71
Law,707,Nicole,Commissiong,Sem Moot Court Compet,4.0,4.0,4.0,4.0,4.0,4.0,4.0
Law,707,Hubert,Duvall,Sem Crim Defense Clin,4.56,4.62,4.46,4.41,4.53,4.62,4.62
Law,707,Tom,Fagan,Sem Crim Defense Clin,4.96,4.85,4.54,4.74,4.89,4.71,4.96
Law,707,Michael,Fakhri,Sem OR Rev Intl Jour,3.96,4.01,3.53,3.94,4.0,3.96,3.98
Law,707,Peter,Frost,Sem Environ Clinic,4.27,4.26,3.98,4.23,4.31,4.03,4.53
Law,707,Jay,Hall,Sem Prosecution Clinic,4.9,4.87,4.92,4.93,4.9,4.78,4.93
Law,707,John,Mellgren,Sem Environ Clinic,4.06,4.2,3.93,4.19,4.38,3.96,4.34
Law,707,Deb,Stoll-Underwood,Sem Prosecution Clinic,4.38,4.5,4.38,4.5,4.5,4.38,4.5
Law,707,Adell,Amos,Sem Jour Env Law Lit,4.06,3.69,3.94,3.69,3.69,3.69,3.69
Law,707,Stuart,Chinn,Sem Law Review,4.35,4.34,4.34,4.34,4.39,4.34,4.28
Law,707,Beatrice,Dohrn,Sem Nonprofit Clinic,3.83,3.58,3.5,3.17,5.0,3.83,3.83
Law,707,Margaret,Paris,Sem Moot Court Board,4.13,4.13,3.98,4.09,4.2,4.24,4.31
Law,707,Margaret,Paris,Sem Moot Court Compet,4.47,4.36,4.44,4.36,4.36,4.36,3.81
Law,707,Eric,Priest,Sem Law Review,3.5,3.5,3.5,3.5,3.5,3.5,3.5
Law,707,Jen,Reynolds,Sem Jour Env Law Lit,3.8,3.56,3.8,3.7,3.56,3.7,3.8
Law,707,Suzanne,Rowe,Sem Law Review,4.32,4.32,4.28,4.36,4.28,4.32,4.32
Law,707,Elliott,Farren,Sem Civil Prac Clinic,4.0,4.0,2.67,3.33,4.0,3.33,4.67
Law,707,Rebecca,Gouge,Sem Civil Prac Clinic,4.0,5.0,4.0,4.0,5.0,4.0,5.0
Law,707,Jay,Hall,Sem Adv Prosecut Clin,5.0,4.67,4.33,4.67,4.67,4.33,5.0
Law,707,Robert,Illig,Sem Law Review,4.58,4.58,4.58,4.58,4.58,4.58,4.58
Law,707,Mohsen,Manesh,Sem Law Review,4.51,4.51,4.51,4.51,4.51,4.51,4.51
Law,707,Michelle,McKinley,Sem Or Rev Intl Jour,3.58,3.08,3.58,3.08,3.08,3.42,3.92
Law,707,Kathryn,Moakley,Sem DV Civil Clinic,4.83,4.83,4.83,4.67,5.0,4.67,5.0
Law,707,Eric,Priest,Sem Or Rev Intl Jour,3.34,3.34,3.29,3.29,3.29,3.39,3.84
Law,707,Michael,Quillin,Sem DV Prot Ord Clinic,4.88,5.0,4.78,4.67,4.88,4.88,4.88
Law,707,Jen,Reynolds,Sem Law Review,4.52,4.52,4.52,4.52,4.52,4.52,4.53
Law,707,Deb,Stoll-Underwood,Sem Adv Prosecut Clin,5.0,4.67,4.67,4.67,4.67,5.0,5.0
Law,707,Elizabeth,Frost,Sem Law Review,4.42,4.4,4.4,4.4,4.57,4.4,4.33
Law,707,Michelle,McKinley,Sem OR Rev Intl Jour,3.85,3.75,3.75,3.75,3.75,3.75,3.75
Law,707,Eric,Priest,Sem OR Rev Intl Jour,3.88,3.88,3.88,3.88,3.88,3.88,3.88
Law,707,Susan,Gary,Sem Jour Env Law Lit,3.62,3.38,3.62,3.62,3.38,3.62,3.62
Law,707,Ibrahim,Gassama,Sem Or Rev Intl Jour,3.69,3.19,3.69,3.19,3.36,3.53,4.03
Law,707,Christopher,Parosa,Sem Prosecution Clinic,4.94,4.94,4.81,4.83,4.81,4.75,4.89
Law,707,Michael,Quillin,Sem Domestic Viol Clin,4.32,4.36,3.8,3.8,4.83,4.18,4.46
Law,707,Kamala,Shugar,Sem Legislative Issues,4.57,4.43,4.57,4.14,4.29,4.43,4.86
Law,707,Ibrahim,Gassama,Sem OR Rev Intl Jour,3.52,3.43,3.43,3.27,3.43,3.35,3.43
Law,707,Susan,Gary,Sem Nonprofit Clinic,4.33,3.92,3.58,3.67,4.83,4.08,4.75
Law,707,Charles,Horner,Sem Civil Prac Clinic,4.53,4.5,4.33,4.27,4.8,4.63,4.69
Law,707,Roberta,Mann,Sem Moot Court Board,3.43,3.53,3.68,3.61,3.8,3.78,3.43
Law,707,Roberta,Mann,Sem Moot Court Compet,4.27,4.27,3.9,4.1,4.03,4.17,4.43
Law,707,Erin,Zemper,Sem Prosecution Clinic,4.58,4.61,4.38,4.42,4.44,4.43,4.64
Law,707,Erin,Zemper,Sem Trial Practice,4.58,4.54,4.54,4.5,4.17,4.03,4.64
Law,707,Erin,Zemper,Sem Adv Prosecut Clin,4.76,4.68,4.56,4.7,4.8,4.62,4.93
Law,707,Erik,Girvan,Sem Sm Clms Med Clinic,3.67,3.67,3.67,3.67,3.33,4.0,3.67
Law,707,Dave,Frohnmayer,Sem Legislative Issues,4.51,4.47,4.25,4.47,4.0,3.89,4.56
Law,707,Jane,Gordon,Sem Sm Clms Mdn Clinic,4.33,4.0,4.0,3.67,4.0,4.0,4.33
Law,707,Thomas,Lininger,Sem Law Review,4.85,4.85,4.85,4.85,4.85,4.85,4.85
Law,707,Jane,Gordon,Sem Sm Clms Med Clinic,4.75,4.75,4.75,4.75,5.0,4.75,5.0
Law,707,Thomas,Lininger,Sem Jour Env Law Lit,3.83,3.83,3.67,3.83,4.0,3.83,3.17
Law,707,Adell,Amos,Sem Law Review,4.7,4.7,4.7,4.7,4.7,4.7,4.7
Law,707,Jane,Gordon,Sem Mediation Clinic,4.72,4.37,4.01,4.13,4.04,4.25,4.56
Law,707,Rebekah,Hanley,Sem Moot Court Compet,5.0,5.0,5.0,5.0,4.5,5.0,5.0
Law,707,Jim,Kocher,Sem Civil Prac Clinic,4.83,4.78,4.33,4.35,4.92,4.57,4.83
Law,707,Patricia,Vallerand,Sem Domestic Viol Clin,4.65,4.44,4.42,4.17,4.71,4.4,4.7
Law,707,Merle,Weiner,Sem Domestic Viol Clin,4.88,4.62,4.88,4.62,4.62,4.62,4.62
Law,707,Michael,Moffitt,Sem Law Review,4.67,4.42,3.42,3.42,3.42,3.42,3.42
Law,707,Leslie,Baker,Sem Trial Practice,4.65,4.5,4.45,4.42,4.63,3.94,4.61
Law,707,Gregory,Costello,Sem Environ Clinic,4.38,4.38,3.96,4.38,4.17,4.17,4.31
Law,707,Mervyn,Loya,Sem Legislative Issues,4.51,4.5,4.47,4.4,4.76,4.4,4.51
Law,707,Gregory,Costello,Sem Envir Clinic,4.17,4.25,4.25,4.33,4.33,4.0,4.17
Law,707,Jim,Kocher,Sem Civil Prac Cinic,4.67,4.67,4.67,4.0,5.0,4.33,4.33
Law,707,Patricia,Vallerand,Sem Domestic Vio Clini,5.0,4.75,4.75,4.65,5.0,4.7,4.9
Law,707,Jim,Kocher,Sem Civ Prac Clin,4.88,4.88,4.62,4.62,4.88,4.88,4.88
Law,707,Erin,Zemper,Sem Prosecut Clinic,4.67,4.67,4.17,4.17,4.33,3.83,4.5
Law,707,Douglas,Harcleroad,Sem Prosecution Clinic,4.67,4.67,4.33,4.33,4.0,4.67,4.5
Law,707,Robert,Illig,Sem Jour Env Law Lit,4.25,4.25,4.25,4.25,4.25,4.25,4.25
Law,707,Joe,Metcalfe,Sem Trial Practice,4.71,4.72,4.48,4.48,3.64,4.02,4.66
Law,707,Jill,Fetherstonhaugh,Sem Business Clinic,5.0,4.75,4.5,4.75,5.0,4.75,5.0
Law,707,Douglas,Harcleroad,Sem Prosecut Clinic,4.33,4.0,4.67,3.67,4.0,3.33,4.67
Law,707,Katherine,Moyer,Sem Business Clinic,5.0,4.75,4.75,4.75,5.0,4.75,5.0
Law,707,Judd,Sneirson,Sem Law Review,4.5,4.5,4.5,4.5,4.5,4.5,4.5
Law,707,Gregory,Costello,Sem Adv Envir Clinic,5.0,5.0,5.0,5.0,5.0,5.0,5.0
Law,707,Marc,Friedman,Sem Crim Defense Clin,5.0,3.5,3.5,2.0,4.0,5.0,5.0
Law,707,Jim,Kocher,Sem Adv Civil Clinic,5.0,5.0,5.0,5.0,5.0,5.0,5.0
Law,712,Katherine,Moyer,Business Law Clinic,4.67,4.43,4.65,4.48,4.79,4.38,4.56
Law,712,Mindy,Wittkop,Business Law Clinic,4.75,4.65,4.62,4.58,4.78,4.61,4.72
Law,712,Katherine,Moyer,Small Business Clinic,4.76,4.68,4.64,4.58,4.89,4.47,4.86
Law,712,Mindy,Wittkop,Small Business Clinic,4.76,4.68,4.67,4.62,4.9,4.43,4.78
Law,712,Jill,Fetherstonhaugh,Small Business Clinic,4.85,4.74,4.66,4.62,4.9,4.6,4.92
Law,714,Jolie,Russo,Extern Judicial,4.29,4.29,4.14,4.29,4.43,4.14,4.43
Law,714,Mindy,Wittkop,Extern Judicial,4.14,4.29,4.14,4.29,4.29,4.29,4.57
Law,714,Mohsen,Manesh,Ext In-House Counsel,4.5,4.5,4.5,3.5,4.5,3.5,4.5
Law,714,Carrie,Leonetti,Extern Criminal Justic,3.25,3.0,3.5,2.58,3.67,3.5,3.5
Law,714,Megan,McAlpin,Extern Criminal Justic,4.0,4.25,4.25,4.25,4.5,4.5,4.25
Law,714,Leslie,Harris,Top Child Advoc Extern,4.67,4.08,3.92,4.42,4.83,4.0,4.92
Law,720,Heidi,von Ravensberg,Disability Law,4.0,4.0,4.33,3.0,4.33,3.67,4.0
Law,721,Kamala,Shugar,Intro State Admin Law,3.0,2.5,3.0,2.5,3.0,2.5,4.5
Law,729,Bryan,Dearinger,Legal Writ for the Bar,4.66,4.69,4.58,4.45,4.7,4.61,4.74
Law,729,Kristie,Gibson,Legal Writ for the Bar,4.88,4.75,4.88,4.88,4.75,4.62,4.88
Law,730,Elizabeth,Frost,Intensive Writing,4.25,4.25,4.5,4.25,4.25,4.0,4.5
Law,731,Derek,Larwick,Writ in Law Practice,4.67,4.22,4.33,4.33,3.89,4.0,4.22
Law,740,Melissa,Aubin,J-Innov Criminal Just,4.8,4.8,4.6,4.7,4.7,4.8,4.8
Law,741,Rohanna,Buchanan,J-Child Dev & the Law,4.71,4.86,4.86,4.86,4.71,4.86,4.71
Law,742,Jennifer,Espinola,Lead Prac Prof Success,4.4,4.6,4.6,4.4,4.2,4.4,4.4
Law,750,Carrie,Leonetti,Forensic Sci Crim Law,4.5,4.5,4.5,4.5,4.5,4.5,4.5
Law,780,Kristie,Gibson,LLM Seminar: Writing,4.83,5.0,5.0,5.0,5.0,4.83,4.83
Law,780,Kristie,Gibson,LLM Seminar,4.6,4.8,4.6,4.6,4.8,4.8,4.6
Law,781,Eric,Priest,LLM Seminar: Practice,4.5,4.8,4.6,4.6,4.7,4.7,4.6
Law,781,Kristie,Gibson,LLM Seminar,4.8,5.0,5.0,5.0,5.0,5.0,5.0
Law,791,Howard,Arnett,Contmp Iss Amer Indian,5.0,5.0,4.75,4.75,5.0,4.5,5.0
